Timestamp,Quelle est votre age ?,Sexe,Situation socio-professionnelle  ,Région,Les réseaux sociaux m’aident à me détendre.,J’utilise les réseaux sociaux pour apprendre ou m’informer.,Les réseaux sociaux améliorent ma productivité.,Les réseaux sociaux renforcent mes relations avec mes amis/famille.,Les réseaux sociaux perturbent ma concentration.,Je me sens soutenu(e) par mes amis en ligne.,Le fait de me comparer aux autres sur les réseaux sociaux affecte mon bien-être psychologique.,Je perds souvent du temps à cause des réseaux sociaux.,Les réseaux sociaux influencent mon humeur quotidienne.,Les réseaux sociaux remplacent mes interactions en face-à-face.,Les réseaux sociaux m’aident à développer mes compétences.,Les réseaux sociaux réduisent mes interactions sociales réelles.,Je me sens plus heureux(se) après avoir utilisé les réseaux sociaux.,Je rencontre de nouvelles personnes grâce aux réseaux sociaux.,Je ressens du stress à cause des réseaux sociaux.,Je fais attention à ma vie privée sur les réseaux sociaux.,Je consulte les réseaux sociaux dès le réveil.,Je pourrais facilement vivre sans réseaux sociaux.,Les réseaux sociaux m’aident à rester informé(e) de l’actualité.,Je pense être dépendant(e) des réseaux sociaux,Je me sens en sécurité en utilisant les réseaux sociaux.,Les réseaux sociaux font partie de ma routine quotidienne.,Je partage rarement mes informations personnelles.,Les réseaux sociaux me permettent d’élargir mon réseau professionnel.,"Ils me permettent de découvrir de nouvelles opportunités (ex. études, travail, événements).",Je suis inquiet(ète) pour la sécurité de mes données personnelles.,J’ai du mal à passer une journée sans réseaux sociaux.,Les réseaux sociaux facilitent ma communication avec les autres.,J’utilise les réseaux sociaux avant de dormir.,Je pense que mes données sont utilisées sans mon consentement.,Utilisez-vous les réseaux sociaux pour suivre l’actualité ?,Avez-vous déjà rencontré quelqu’un en vrai grâce aux réseaux sociaux ?,Avez-vous déjà désactivé un compte de réseau social ?,Pensez-vous que les réseaux sociaux influencent les opinions politiques ?,Utilisez-vous les réseaux sociaux tous les jours ?, Avez-vous déjà ressenti une baisse de productivité à cause des réseaux sociaux ?,"Les utilisez-vous pour des raisons professionnelles (travail, études, networking) ?",Avez-vous déjà supprimé ou désinstallé une application pour réduire votre temps d’écran ?,Les consultez-vous dès le réveil ou avant de dormir ?, Pensez-vous que la société serait meilleure avec moins de réseaux sociaux ?
10/9/2025 21:09:01,23,Femme,Étudiant,"Nord-Est (Tunis, Ariana, Ben Arous, Manouba, Nabeul, Zaghouan, Bizerte)",2,1,1,5,5,4,3,5,4,1,1,3,2,1,4,5,1,1,5,5,1,5,2,5,5,5,4,1,4,4,OUI,NON,OUI,OUI,OUI,OUI,OUI,OUI,OUI,OUI
10/9/2025 21:09:07,22,Femme,Étudiant,"Nord-Est (Tunis, Ariana, Ben Arous, Manouba, Nabeul, Zaghouan, Bizerte)",2,3,2,2,3,2,3,4,2,1,3,2,3,2,2,4,4,3,3,2,1,4,3,4,4,5,3,3,4,4,OUI,OUI,NON,OUI,OUI,OUI,OUI,OUI,OUI,NON
10/9/2025 21:21:49,21,Homme,Étudiant,"Nord-Est (Tunis, Ariana, Ben Arous, Manouba, Nabeul, Zaghouan, Bizerte)",4,4,2,2,5,5,1,5,3,2,4,4,3,5,2,5,5,1,5,4,4,5,2,5,5,5,5,5,5,5,OUI,OUI,OUI,OUI,OUI,OUI,OUI,OUI,OUI,NON
10/9/2025 21:23:27,22,Femme,Étudiant,"Nord-Est (Tunis, Ariana, Ben Arous, Manouba, Nabeul, Zaghouan, Bizerte)",3,4,2,3,5,3,4,5,4,3,3,3,3,3,4,5,4,4,3,2,1,3,5,3,4,5,3,3,4,4,OUI,NON,NON,OUI,OUI,OUI,NON,OUI,OUI,OUI
10/9/2025 21:25:40,22,Femme,Étudiant,"Nord-Est (Tunis, Ariana, Ben Arous, Manouba, Nabeul, Zaghouan, Bizerte)",5,4,1,4,5,3,1,5,4,5,3,1,4,4,2,5,5,3,5,5,3,5,5,5,5,5,3,5,5,5,OUI,OUI,NON,OUI,OUI,OUI,OUI,OUI,OUI,OUI
10/9/2025 21:27:49,24,Homme,Salarié,"Sud-Ouest (Gafsa, Tozeur, Kebili)",3,3,1,4,2,4,1,4,3,1,1,1,3,3,2,3,3,2,5,4,1,5,5,4,5,4,4,4,3,5,OUI,OUI,NON,OUI,OUI,NON,OUI,NON,OUI,NON
10/9/2025 21:31:16,21,Homme,Étudiant,"Nord-Est (Tunis, Ariana, Ben Arous, Manouba, Nabeul, Zaghouan, Bizerte)",1,1,1,2,5,3,4,5,5,1,3,5,1,2,5,5,2,5,5,2,4,2,5,5,5,5,2,5,2,5,OUI,OUI,OUI,OUI,NON,OUI,OUI,OUI,OUI,OUI
10/9/2025 21:40:34,22,Femme,Étudiant,"Centre-Est (Sousse, Monastir, Mahdia, Sfax)",3,4,3,3,5,5,3,5,5,3,5,5,3,3,5,3,3,3,3,3,3,5,5,3,3,3,3,3,3,3,OUI,OUI,OUI,OUI,OUI,OUI,OUI,OUI,OUI,OUI
10/9/2025 21:53:00,23,Homme,Étudiant,"Nord-Est (Tunis, Ariana, Ben Arous, Manouba, Nabeul, Zaghouan, Bizerte)",2,5,1,5,1,3,4,5,3,1,3,1,1,3,3,5,3,3,5,3,1,5,5,4,5,5,3,5,5,5,OUI,OUI,OUI,OUI,OUI,OUI,OUI,OUI,OUI,OUI
10/9/2025 22:17:04,23,Femme,Étudiant,"Nord-Est (Tunis, Ariana, Ben Arous, Manouba, Nabeul, Zaghouan, Bizerte)",4,4,3,4,2,4,3,5,3,3,3,3,3,4,4,,,,,,,,,,,,,,,,OUI,NON,OUI,OUI,OUI,NON,OUI,OUI,OUI,OUI
10/9/2025 22:18:32,21,Homme,Étudiant,"Nord-Est (Tunis, Ariana, Ben Arous, Manouba, Nabeul, Zaghouan, Bizerte)",4,2,1,2,5,2,1,5,2,1,3,4,2,1,2,4,3,2,4,4,2,4,5,4,3,4,3,2,4,3,OUI,NON,OUI,OUI,OUI,OUI,NON,OUI,OUI,OUI
10/9/2025 22:28:44,21,Homme,Étudiant,"Nord-Est (Tunis, Ariana, Ben Arous, Manouba, Nabeul, Zaghouan, Bizerte)",1,3,1,1,5,1,5,2,4,2,1,2,1,1,3,4,1,3,4,5,3,2,3,4,4,5,1,1,1,5,OUI,NON,NON,OUI,NON,OUI,OUI,OUI,NON,OUI
10/9/2025 22:32:40,22,Femme,Étudiant,"Sud-Est (Gabès, Médenine, Tataouine)",3,4,2,5,4,4,1,4,4,4,3,4,4,1,4,4,4,2,5,1,3,5,3,5,5,3,5,4,5,3,OUI,NON,OUI,NON,OUI,OUI,OUI,OUI,OUI,OUI
10/10/2025 0:22:20,21,Femme,Étudiant,"Nord-Est (Tunis, Ariana, Ben Arous, Manouba, Nabeul, Zaghouan, Bizerte)",1,3,1,2,4,2,3,4,2,1,2,1,1,1,3,5,1,3,3,1,1,2,5,2,3,5,1,2,2,3,OUI,NON,OUI,OUI,NON,OUI,OUI,OUI,NON,OUI
10/10/2025 5:56:45,22,Homme,Étudiant,"Nord-Est (Tunis, Ariana, Ben Arous, Manouba, Nabeul, Zaghouan, Bizerte)",2,4,1,4,5,2,4,5,5,5,2,4,2,1,3,4,4,4,3,4,1,5,2,5,4,5,4,5,4,5,OUI,NON,NON,OUI,OUI,OUI,OUI,OUI,OUI,OUI
10/10/2025 17:53:06,19,Homme,Étudiant,"Nord-Est (Tunis, Ariana, Ben Arous, Manouba, Nabeul, Zaghouan, Bizerte)",2,1,1,1,5,1,2,5,3,4,2,3,1,4,5,2,4,2,2,3,1,4,3,1,4,5,2,5,4,5,NON,OUI,OUI,OUI,OUI,OUI,OUI,OUI,OUI,OUI
10/10/2025 18:36:41,20,Homme,Étudiant,"Nord-Est (Tunis, Ariana, Ben Arous, Manouba, Nabeul, Zaghouan, Bizerte)",3,4,2,2,5,4,4,5,5,4,3,4,1,4,4,4,5,1,4,1,2,5,4,5,4,4,5,5,5,3,OUI,OUI,NON,OUI,OUI,OUI,OUI,OUI,OUI,NON
10/10/2025 22:35:52,24,Homme,Étudiant,"Nord-Est (Tunis, Ariana, Ben Arous, Manouba, Nabeul, Zaghouan, Bizerte)",2,4,1,1,5,4,4,5,2,2,3,5,2,2,4,5,2,5,4,1,2,1,5,2,1,5,1,2,4,5,OUI,NON,OUI,OUI,OUI,OUI,NON,OUI,OUI,OUI
10/11/2025 10:03:39,25,Femme,Étudiant,"Nord-Ouest (Béja, Jendouba, Kef, Siliana)",3,3,2,4,3,5,1,1,2,1,2,1,3,2,3,5,3,3,5,5,4,4,5,5,5,2,3,4,5,2,OUI,OUI,NON,OUI,OUI,NON,OUI,NON,OUI,OUI
10/11/2025 10:32:12,21,Femme,Étudiant,"Nord-Est (Tunis, Ariana, Ben Arous, Manouba, Nabeul, Zaghouan, Bizerte)",4,4,2,4,4,3,2,4,2,1,2,2,3,4,3,4,2,4,4,2,1,3,4,4,4,4,1,5,4,3,OUI,NON,NON,OUI,NON,OUI,OUI,OUI,OUI,OUI
10/11/2025 11:29:40,29,Femme,Salarié,"Nord-Est (Tunis, Ariana, Ben Arous, Manouba, Nabeul, Zaghouan, Bizerte)",4,4,1,3,4,1,4,5,3,3,1,4,3,1,1,5,5,1,5,5,1,5,5,1,1,5,3,5,5,5,OUI,NON,OUI,OUI,OUI,OUI,NON,NON,OUI,OUI
10/11/2025 11:30:38,23,Femme,Étudiant,"Nord-Est (Tunis, Ariana, Ben Arous, Manouba, Nabeul, Zaghouan, Bizerte)",3,2,2,4,5,2,4,5,3,4,4,4,3,5,4,3,4,4,4,3,2,3,3,4,4,4,5,4,3,4,OUI,OUI,OUI,OUI,OUI,OUI,OUI,OUI,OUI,NON
10/11/2025 11:31:45,23,Femme,Étudiant,"Nord-Est (Tunis, Ariana, Ben Arous, Manouba, Nabeul, Zaghouan, Bizerte)",3,3,1,3,5,1,5,5,3,1,2,5,1,1,4,3,3,3,3,4,1,5,3,3,3,3,4,3,3,3,OUI,NON,OUI,OUI,OUI,OUI,OUI,OUI,OUI,NON
10/11/2025 11:33:13,26,Homme,Étudiant,"Centre-Est (Sousse, Monastir, Mahdia, Sfax)",4,4,1,4,5,2,3,5,4,4,2,4,4,1,2,4,5,2,5,4,2,5,4,5,5,3,5,5,5,4,OUI,NON,NON,OUI,OUI,OUI,OUI,OUI,OUI,OUI
10/11/2025 11:35:27,23,Femme,Étudiant,"Nord-Ouest (Béja, Jendouba, Kef, Siliana)",4,4,2,4,5,4,4,5,5,1,4,3,3,2,4,5,5,2,5,4,3,5,4,3,4,5,3,2,5,5,OUI,NON,OUI,OUI,OUI,OUI,OUI,OUI,OUI,NON
10/11/2025 11:37:16,22,Homme,Étudiant,"Nord-Est (Tunis, Ariana, Ben Arous, Manouba, Nabeul, Zaghouan, Bizerte)",4,5,1,3,5,3,5,5,3,4,2,4,2,4,4,4,5,2,5,3,3,5,4,2,4,5,2,4,5,5,OUI,OUI,NON,OUI,OUI,OUI,OUI,OUI,OUI,OUI
10/11/2025 11:39:54,22,Femme,Étudiant,"Nord-Est (Tunis, Ariana, Ben Arous, Manouba, Nabeul, Zaghouan, Bizerte)",4,4,2,5,5,4,3,5,4,1,4,2,3,1,4,3,3,2,4,2,2,5,3,4,4,4,4,3,5,4,OUI,OUI,OUI,OUI,OUI,OUI,OUI,OUI,OUI,OUI
10/11/2025 11:41:50,23,Femme,Étudiant,"Nord-Est (Tunis, Ariana, Ben Arous, Manouba, Nabeul, Zaghouan, Bizerte)",2,4,1,3,5,4,3,5,4,2,2,3,1,2,4,3,4,3,4,4,3,4,3,4,5,4,3,3,4,4,OUI,OUI,OUI,OUI,OUI,OUI,OUI,NON,OUI,OUI
10/11/2025 11:42:36,24,Femme,Étudiant,"Nord-Est (Tunis, Ariana, Ben Arous, Manouba, Nabeul, Zaghouan, Bizerte)",2,2,1,2,5,2,1,4,3,3,2,3,1,2,4,4,2,2,4,3,1,4,4,3,4,5,3,3,4,4,OUI,OUI,OUI,OUI,OUI,OUI,OUI,OUI,OUI,OUI
10/11/2025 11:46:39,23,Femme,Étudiant,"Nord-Est (Tunis, Ariana, Ben Arous, Manouba, Nabeul, Zaghouan, Bizerte)",4,4,1,4,5,2,4,5,4,5,3,3,1,3,5,1,3,3,5,4,1,3,5,4,5,5,1,5,4,5,OUI,NON,NON,OUI,OUI,OUI,OUI,OUI,OUI,OUI
10/11/2025 11:48:55,22,Femme,Étudiant,"Nord-Est (Tunis, Ariana, Ben Arous, Manouba, Nabeul, Zaghouan, Bizerte)",3,3,2,5,4,5,2,5,3,1,3,1,3,4,2,5,2,1,5,4,2,5,5,4,4,3,3,5,5,3,OUI,OUI,OUI,OUI,OUI,OUI,OUI,OUI,OUI,OUI
10/11/2025 11:54:54,22,Homme,Étudiant,"Nord-Est (Tunis, Ariana, Ben Arous, Manouba, Nabeul, Zaghouan, Bizerte)",4,2,1,1,5,3,3,5,5,1,3,1,2,3,4,5,5,3,5,5,3,5,3,4,5,5,4,1,5,5,OUI,OUI,OUI,OUI,OUI,OUI,OUI,OUI,OUI,NON
10/11/2025 11:55:08,19,Homme,Étudiant,"Nord-Est (Tunis, Ariana, Ben Arous, Manouba, Nabeul, Zaghouan, Bizerte)",2,4,1,3,3,2,1,3,2,1,4,1,1,2,3,4,5,4,4,3,2,5,5,2,4,3,1,3,4,5,OUI,NON,OUI,OUI,OUI,OUI,OUI,OUI,OUI,NON
10/11/2025 11:58:14,23,Homme,Étudiant,"Nord-Est (Tunis, Ariana, Ben Arous, Manouba, Nabeul, Zaghouan, Bizerte)",3,3,1,2,5,2,1,5,3,1,1,2,2,2,3,5,4,2,4,3,2,4,5,3,4,4,2,3,5,4,OUI,OUI,OUI,OUI,OUI,OUI,OUI,OUI,OUI,OUI
10/11/2025 12:36:51,25,Homme,Salarié,"Nord-Est (Tunis, Ariana, Ben Arous, Manouba, Nabeul, Zaghouan, Bizerte)",3,4,3,4,4,4,3,4,3,2,2,2,3,4,3,4,4,2,3,4,2,4,4,4,5,3,5,4,4,5,OUI,OUI,OUI,OUI,OUI,OUI,OUI,NON,OUI,NON
10/11/2025 12:54:19,21,Femme,Étudiant,"Nord-Est (Tunis, Ariana, Ben Arous, Manouba, Nabeul, Zaghouan, Bizerte)",2,3,1,3,5,2,4,4,4,1,3,1,2,4,4,5,4,3,5,1,3,4,3,4,4,2,2,4,5,5,OUI,OUI,OUI,OUI,NON,OUI,OUI,OUI,OUI,OUI
10/11/2025 13:03:30,22,Homme,Étudiant,"Nord-Est (Tunis, Ariana, Ben Arous, Manouba, Nabeul, Zaghouan, Bizerte)",3,4,1,4,5,4,3,5,3,2,2,2,3,2,4,4,4,3,4,4,2,5,3,3,4,3,2,3,5,5,OUI,OUI,NON,OUI,OUI,OUI,NON,OUI,OUI,OUI
10/11/2025 13:17:44,23,Homme,Étudiant,"Centre-Est (Sousse, Monastir, Mahdia, Sfax)",1,3,1,4,4,3,3,4,3,4,1,3,1,3,3,3,2,4,4,3,1,3,3,4,4,4,2,3,3,4,OUI,OUI,NON,OUI,OUI,OUI,NON,OUI,OUI,NON
10/11/2025 13:28:28,22,Femme,Étudiant,"Nord-Est (Tunis, Ariana, Ben Arous, Manouba, Nabeul, Zaghouan, Bizerte)",2,4,1,2,5,4,4,5,4,1,3,4,1,2,4,5,4,5,5,4,1,3,4,4,5,5,3,4,4,5,OUI,NON,OUI,OUI,OUI,OUI,OUI,OUI,OUI,OUI
10/11/2025 13:33:04,62,Homme,Retraité,"Nord-Est (Tunis, Ariana, Ben Arous, Manouba, Nabeul, Zaghouan, Bizerte)",4,4,3,4,1,4,1,1,1,1,1,4,1,1,1,5,1,5,4,1,1,5,5,2,4,5,1,5,2,4,OUI,NON,NON,OUI,OUI,NON,OUI,NON,NON,OUI
10/11/2025 14:06:40,22,Homme,Étudiant,"Nord-Est (Tunis, Ariana, Ben Arous, Manouba, Nabeul, Zaghouan, Bizerte)",4,3,1,2,4,4,2,2,3,2,3,2,3,4,2,4,1,2,5,3,3,4,5,5,4,2,1,1,5,5,OUI,OUI,NON,OUI,OUI,OUI,OUI,OUI,OUI,NON
10/11/2025 14:13:26,62,Femme,Retraité,"Nord-Est (Tunis, Ariana, Ben Arous, Manouba, Nabeul, Zaghouan, Bizerte)",4,5,3,3,1,1,1,5,1,3,5,5,1,5,1,5,5,1,5,4,1,5,5,1,5,5,1,1,4,5,OUI,NON,OUI,OUI,OUI,OUI,NON,NON,OUI,OUI
10/11/2025 15:03:50,53,Femme,Salarié,"Nord-Est (Tunis, Ariana, Ben Arous, Manouba, Nabeul, Zaghouan, Bizerte)",2,2,2,4,4,3,2,4,4,3,2,4,2,1,4,4,2,3,3,3,3,3,3,3,3,4,3,3,3,4,OUI,NON,OUI,OUI,OUI,OUI,NON,OUI,OUI,OUI
10/11/2025 15:56:13,23,Homme,Salarié,"Nord-Est (Tunis, Ariana, Ben Arous, Manouba, Nabeul, Zaghouan, Bizerte)",3,4,1,4,2,3,2,1,4,2,2,2,3,2,3,5,4,4,4,2,3,4,4,4,4,3,2,4,4,5,OUI,NON,NON,OUI,OUI,OUI,OUI,NON,OUI,OUI
10/11/2025 16:27:32,23,Homme,Étudiant,"Centre-Est (Sousse, Monastir, Mahdia, Sfax)",4,4,1,1,5,2,3,4,3,1,2,2,3,3,3,5,5,1,5,5,2,5,2,5,5,5,5,5,5,5,OUI,OUI,NON,OUI,OUI,OUI,OUI,OUI,OUI,NON
10/12/2025 17:33:18,22,Homme,Salarié,"Nord-Est (Tunis, Ariana, Ben Arous, Manouba, Nabeul, Zaghouan, Bizerte)",5,5,2,2,5,3,2,3,2,1,4,3,2,3,2,3,4,3,4,3,2,3,3,4,3,5,4,4,5,5,OUI,OUI,NON,OUI,OUI,OUI,OUI,OUI,OUI,NON
10/12/2025 22:07:40,23,Homme,Salarié,"Nord-Est (Tunis, Ariana, Ben Arous, Manouba, Nabeul, Zaghouan, Bizerte)",3,1,1,3,4,2,1,3,3,3,1,1,1,1,4,1,3,3,1,4,2,3,5,1,3,4,2,3,3,3,NON,OUI,OUI,OUI,OUI,OUI,OUI,OUI,OUI,OUI
10/12/2025 22:32:32,19,Homme,Étudiant,"Nord-Est (Tunis, Ariana, Ben Arous, Manouba, Nabeul, Zaghouan, Bizerte)",5,4,4,3,4,2,1,4,3,4,4,3,3,4,3,5,4,3,4,2,2,3,4,4,4,4,3,4,4,3,OUI,OUI,NON,OUI,OUI,NON,OUI,NON,OUI,OUI
10/12/2025 22:49:52,24,Femme,Salarié,"Nord-Est (Tunis, Ariana, Ben Arous, Manouba, Nabeul, Zaghouan, Bizerte)",1,4,1,2,1,5,2,5,3,4,1,4,3,4,4,5,3,4,4,4,3,3,5,5,4,3,2,3,3,4,OUI,NON,NON,OUI,NON,OUI,OUI,OUI,NON,OUI
10/13/2025 8:30:41,24,Femme,Étudiant,"Nord-Est (Tunis, Ariana, Ben Arous, Manouba, Nabeul, Zaghouan, Bizerte)",4,4,2,4,4,4,2,4,3,2,4,3,3,2,2,2,2,4,4,4,3,4,1,4,4,4,2,4,4,2,OUI,OUI,NON,OUI,NON,OUI,OUI,OUI,OUI,OUI
10/13/2025 8:58:53,21,Femme,Étudiant,"Nord-Est (Tunis, Ariana, Ben Arous, Manouba, Nabeul, Zaghouan, Bizerte)",2,4,1,2,4,2,2,3,2,2,2,4,1,4,2,4,2,5,3,4,2,2,4,3,3,4,2,2,3,3,OUI,OUI,OUI,OUI,NON,OUI,OUI,OUI,NON,OUI
10/13/2025 11:58:01,43,Homme,Salarié,"Nord-Est (Tunis, Ariana, Ben Arous, Manouba, Nabeul, Zaghouan, Bizerte)",3,4,2,3,5,3,1,5,4,3,3,3,3,2,4,5,5,3,5,3,1,5,5,4,4,5,4,4,5,5,OUI,OUI,NON,OUI,OUI,OUI,OUI,OUI,OUI,OUI
12/10/2025 19:06:24,23,Homme,Étudiant,"Nord-Est (Tunis, Ariana, Ben Arous, Manouba, Nabeul, Zaghouan, Bizerte)",5,5,2,4,5,3,5,5,4,2,4,2,2,4,5,4,5,2,5,3,1,5,5,5,4,5,4,5,5,5,OUI,OUI,NON,OUI,OUI,OUI,OUI,NON,OUI,OUI